Method,Area,Mean_Intensity,Intensity_Std,Transparency,Force_Estimate,Is_Best_Method
sam2,300737,1.7025773350136497,8.961527217568284,0.9648567560095361,3.9453399022198066,True
opencv,13516,26.51590707309855,29.2167426520659,0.8854245386193494,2.649864372436275,False
