label,diameter_px,area_px
Benchmark (high-sensitivity),212.4362030029297,8852.0
15N contact (left),3189.97021484375,4355904.0
15N 3D force (right),3264.212158203125,4761492.0
