Method,Area,Mean_Intensity,Intensity_Std,Transparency,Force_Estimate,Is_Best_Method
sam2,26627,19.2887294851091,23.86947507071885,0.9063942154089457,3.8397097075617648,True
opencv,887,94.54904171364149,31.176329020426977,0.877739886194404,0.6175555119831125,False
